{
    "SunSize": 0.04800000041723251,
    "SunSizeConvergence": 4,
    "AtmosphereThickness": 0.800000011920929,
    "SkyTint": "E6F9FDFF",
    "GroundColor": "4C4C4CFF",
    "Exposure": 1.0,
    "NightStartHeight": -0.03200000151991844,
    "NightEndHeight": -0.06400000303983689,
    "SkyFadeStart": -0.00800000037997961,
    "SkyEndStart": -0.04800000041723251,
    "FogDistance": 640.0,
    "topCloudsFlat": "{\"cloudsTextureFile\":\"BLBClouds\",\"cloudsNormalTextureFile\":\"BLBCloudsNormal\",\"TilingX\":0.125,\"TilingY\":0.0625,\"OffsetX\":0.0,\"OffsetY\":0.0,\"DayColor\":\"606060FF\",\"NightColor\":\"787878FF\",\"AlphaTreshold\":0.0,\"AlphaMax\":0.11699999868869782,\"ColorBoost\":0.0,\"NormalEffect\":0.5,\"NormalSpeed\":0.0,\"Opacity\":0.9980000257492065,\"Bending\":0.33000001311302187}",
    "bottomCloudsFlat": "{\"cloudsTextureFile\":\"BLBClouds\",\"cloudsNormalTextureFile\":\"BLBCloudsNormal\",\"TilingX\":0.125,\"TilingY\":0.0625,\"OffsetX\":0.5,\"OffsetY\":0.25,\"DayColor\":\"878787FF\",\"NightColor\":\"767676FF\",\"AlphaTreshold\":0.0,\"AlphaMax\":0.31299999356269839,\"ColorBoost\":0.0,\"NormalEffect\":0.5,\"NormalSpeed\":0.0,\"Opacity\":0.996999979019165,\"Bending\":0.33000001311302187}"
}